year,technology,adoption_rate,research_papers,industry_implementation,roi_reported,challenges_identified
2019,RFID Systems,85.2,12,145,18.5,"cost, integration"
2019,Basic WMS,92.1,8,320,12.3,"user training, customization"
2019,Barcode Scanning,96.8,3,450,8.7,"accuracy, speed"
2020,IoT Sensors,23.4,15,67,22.1,"connectivity, security"
2020,Cloud WMS,34.7,11,89,19.8,"data migration, reliability"
2020,Mobile Devices,67.3,9,234,15.2,"battery life, durability"
2021,AGV Systems,18.9,18,45,34.6,"navigation, cost"
2021,AI Analytics,12.5,21,23,41.2,"data quality, expertise"
2021,Robotics,8.7,14,18,38.9,"complexity, maintenance"
2022,Machine Learning,28.3,24,78,29.4,"implementation, training"
2022,Predictive Maintenance,15.6,16,34,45.1,"sensors, algorithms"
2022,Digital Twins,6.2,9,12,52.3,"modeling, validation"
2023,5G Connectivity,9.8,13,21,31.7,"infrastructure, cost"
2023,Edge Computing,11.4,11,19,28.9,"processing power, latency"
2023,Blockchain,4.3,7,8,39.2,"scalability, energy"
2024,Autonomous Systems,3.1,8,5,48.7,"safety, regulation"
2024,Collaborative Robots,7.9,12,14,35.4,"human interaction, programming"
2024,Quantum Computing,0.8,3,1,N/A,"technology maturity, cost"
